Start,End,Sleep quality,Time in bed,Wake up,Sleep Notes,Heart rate,Activity (steps)
2015-01-21 01:49:46,2015-01-21 07:20:03,65%,5:30,,,,1112
2015-01-21 23:55:29,2015-01-22 06:15:18,73%,6:19,,,,1871
2015-01-22 23:02:43,2015-01-23 06:12:41,81%,7:09,,,,1010
2015-01-25 22:48:04,2015-01-26 06:15:23,79%,7:27,,,,2178
2015-01-27 00:14:14,2015-01-27 06:14:29,56%,6:00,,,,1440
2015-01-28 00:03:23,2015-01-28 06:15:40,65%,6:12,,,,1985
2015-01-28 23:38:34,2015-01-29 06:15:16,72%,6:36,,,,1498
2015-01-30 00:07:55,2015-01-30 06:08:24,66%,6:00,,,,1459
2015-01-31 22:41:35,2015-02-01 09:50:19,98%,11:08,,,,1349
2015-02-02 00:03:43,2015-02-02 06:15:17,67%,6:11,,,,1373
2015-02-02 22:33:50,2015-02-03 06:14:37,86%,7:40,,,,1760
2015-02-03 21:58:34,2015-02-04 06:06:49,61%,8:08,,,,2249
2015-02-04 23:41:06,2015-02-05 06:15:05,71%,6:33,,,,1401
2015-02-05 22:36:12,2015-02-06 06:14:37,83%,7:38,,,,1721
2015-02-06 23:39:10,2015-02-07 06:15:15,69%,6:36,,,,1125
2015-02-07 23:34:11,2015-02-08 09:09:23,100%,9:35,,,,1622
2015-02-08 21:22:49,2015-02-09 06:14:27,92%,8:51,,,,2022
2015-02-09 23:37:34,2015-02-10 06:15:25,69%,6:37,,,,2073
2015-02-10 22:07:50,2015-02-11 06:14:37,94%,8:06,,,,2085
2015-02-12 02:40:31,2015-02-12 06:04:22,39%,3:23,,,,1880
2015-02-16 21:30:26,2015-02-17 06:20:44,95%,8:50,,,,3952
2015-02-18 01:14:33,2015-02-18 06:12:15,52%,4:57,,,,1038
2015-02-18 22:28:33,2015-02-19 06:15:49,87%,7:47,,,,2025
2015-02-19 22:13:24,2015-02-20 06:15:40,91%,8:02,,,,1069
2015-02-21 00:07:46,2015-02-21 06:15:33,68%,6:07,,,,1658
2015-02-21 23:31:56,2015-02-22 08:23:50,87%,8:51,,,,1336
2015-02-22 21:29:32,2015-02-23 06:14:27,86%,8:44,,,,3996
2015-02-23 22:55:35,2015-02-24 06:04:43,66%,7:09,,,,1874
2015-02-24 23:42:20,2015-02-25 06:14:00,75%,6:31,,,,1654
2015-02-26 04:01:44,2015-02-26 06:13:01,18%,2:11,,,,1450
2015-02-27 00:22:58,2015-02-27 06:00:02,67%,5:37,,,,2361
2015-02-27 22:15:21,2015-02-28 06:07:25,86%,7:52,,,,1075
2015-03-01 00:02:18,2015-03-01 09:35:20,82%,9:33,,,,591
2015-03-01 22:02:57,2015-03-02 06:14:27,63%,8:11,,,,1069
2015-03-02 21:44:03,2015-03-03 06:14:34,90%,8:30,,,,3125
2015-03-03 23:08:45,2015-03-04 06:15:02,81%,7:06,,,,1861
2015-03-04 23:11:21,2015-03-05 06:14:35,44%,7:03,,,,1180
2015-03-05 23:53:44,2015-03-06 06:14:17,76%,6:20,,,,1117
2015-03-08 23:05:03,2015-03-09 06:14:26,77%,7:09,,,,1931
2015-03-09 23:26:35,2015-03-10 06:14:40,68%,6:48,,,,1181
2015-03-10 22:04:09,2015-03-11 06:14:28,70%,8:10,,,,1568
2015-03-11 20:15:52,2015-03-12 06:15:27,75%,9:59,,,,190
2015-03-12 22:29:30,2015-03-13 06:12:10,68%,7:42,,,,402
2015-03-15 23:11:20,2015-03-15 23:57:10,10%,0:45,,,,609
2015-03-16 00:25:14,2015-03-16 07:14:45,75%,6:49,,,,0
2015-03-16 23:35:34,2015-03-17 07:15:34,39%,7:40,,,,1358
2015-03-17 23:12:24,2015-03-18 06:14:24,80%,7:02,,,,1555
2015-03-18 21:31:32,2015-03-19 07:13:19,96%,9:41,,,,841
2015-03-19 23:49:29,2015-03-20 06:15:30,75%,6:26,,,,1452
2015-03-22 22:31:21,2015-03-23 06:15:13,84%,7:43,,,,1494
2015-03-23 22:53:34,2015-03-24 06:13:35,72%,7:20,,,,787
2015-03-25 03:19:36,2015-03-25 06:15:23,26%,2:55,,,,760
2015-03-25 23:19:07,2015-03-26 06:15:03,78%,6:55,,,,1182
2015-03-26 23:24:18,2015-03-27 07:15:24,72%,7:51,,,,1017
2015-03-30 23:20:18,2015-03-31 06:14:40,78%,6:54,,,,1083
2015-03-31 22:28:03,2015-04-01 06:12:14,78%,7:44,,,,1065
2015-04-01 22:45:25,2015-04-02 06:13:23,85%,7:27,,,,1758
2015-04-02 23:18:14,2015-04-03 06:13:06,77%,6:54,,,,1150
2015-04-05 23:04:07,2015-04-06 07:07:37,69%,8:03,,,,1356
2015-04-07 00:32:53,2015-04-07 07:15:28,64%,6:42,,,,1026
2015-04-07 22:43:00,2015-04-08 07:15:30,85%,8:32,,,,1378
2015-04-09 00:15:22,2015-04-09 07:15:25,76%,7:00,,,,2028
2015-04-09 21:12:25,2015-04-10 07:10:34,74%,9:58,,,,916
2015-04-10 23:51:38,2015-04-11 06:13:21,71%,6:21,,,,900
2015-04-12 22:31:25,2015-04-13 07:11:18,92%,8:39,,,,13132
2015-04-13 22:28:12,2015-04-14 07:10:33,95%,8:42,,,,948
2015-04-14 23:25:30,2015-04-15 06:43:25,78%,7:17,,,,8629
2015-04-16 00:08:22,2015-04-16 06:45:28,69%,6:37,,,,8649
2015-04-16 22:21:53,2015-04-17 07:12:44,71%,8:50,,,,776
2015-04-17 23:12:51,2015-04-18 07:41:29,90%,8:28,,,,12773
2015-04-19 22:33:22,2015-04-20 06:43:26,59%,8:10,,,,15735
2015-04-20 22:04:56,2015-04-21 06:38:32,83%,8:33,,,,911
2015-04-23 00:20:25,2015-04-23 06:45:08,77%,6:24,,,,2440
2015-04-23 23:19:41,2015-04-24 06:43:39,86%,7:23,,,,758
2015-04-26 22:46:32,2015-04-27 06:45:31,85%,7:58,,,,13649
2015-04-27 22:32:07,2015-04-28 06:40:45,92%,8:08,,,,1155
2015-04-28 23:01:02,2015-04-29 06:42:05,42%,7:41,,,,8429
2015-04-29 22:42:16,2015-04-30 06:42:25,86%,8:00,,,,6223
2015-05-01 00:24:55,2015-05-01 06:45:27,68%,6:20,,,,681
2015-05-01 23:58:47,2015-05-02 07:41:57,86%,7:43,,,,14233
2015-05-03 22:36:21,2015-05-04 07:18:36,85%,8:42,,,,15031
2015-05-04 21:50:15,2015-05-05 06:28:14,63%,8:37,,,,1009
2015-05-05 23:19:54,2015-05-06 07:11:07,82%,7:51,,,,9439
2015-05-07 04:12:10,2015-05-07 07:00:04,33%,2:47,,,,3861
2015-05-07 22:56:09,2015-05-08 06:49:35,85%,7:53,,,,8067
2015-05-09 00:04:12,2015-05-09 06:42:45,65%,6:38,,,,10601
2015-05-09 23:21:06,2015-05-10 06:24:49,75%,7:03,,,,15606
2015-05-10 22:37:12,2015-05-11 06:52:38,86%,8:15,,,,2178
2015-05-11 22:54:38,2015-05-12 06:57:50,67%,8:03,,,,4201
2015-05-12 23:27:32,2015-05-13 06:26:38,64%,6:59,,,,10348
2015-05-13 23:06:02,2015-05-14 06:55:06,69%,7:49,,,,8442
2015-05-14 23:32:40,2015-05-15 07:00:08,79%,7:27,,,,8190
2015-05-15 23:53:22,2015-05-16 08:34:15,89%,8:40,,,,4731
2015-05-16 22:37:53,2015-05-17 06:39:47,90%,8:01,,,,13834
2015-05-17 23:33:01,2015-05-18 07:12:12,69%,7:39,,,,8998
2015-05-18 21:48:43,2015-05-19 06:44:21,82%,8:55,,,,2195
2015-05-19 23:24:20,2015-05-20 06:44:59,78%,7:20,,,,10033
2015-05-21 00:28:43,2015-05-21 07:17:10,75%,6:48,,,,14686
2015-05-21 22:28:27,2015-05-22 07:00:12,100%,8:31,,,,4248
2015-05-23 00:13:40,2015-05-23 06:50:29,75%,6:36,,,,7530
2015-05-23 22:45:49,2015-05-24 06:49:45,90%,8:03,,,,16650
2015-05-25 00:01:25,2015-05-25 07:58:24,77%,7:56,,,,21034
2015-05-25 21:27:09,2015-05-26 06:40:58,84%,9:13,,,,15214
2015-05-26 23:23:30,2015-05-27 07:12:24,76%,7:48,,,,9830
2015-05-28 00:11:10,2015-05-28 07:14:39,63%,7:03,,,,4300
2015-05-28 22:54:15,2015-05-29 06:45:19,74%,7:51,,,,3285
2015-05-30 21:59:13,2015-05-31 07:13:30,96%,9:14,,,,3737
2015-05-31 21:14:23,2015-06-01 06:57:15,80%,9:42,,,,2658
2015-06-01 22:14:40,2015-06-02 06:34:30,66%,8:19,,,,2668
2015-06-02 23:04:38,2015-06-03 05:53:24,72%,6:48,,,,8821
2015-06-03 22:51:11,2015-06-04 06:25:47,53%,7:34,,,,8308
2015-06-04 22:33:19,2015-06-05 06:58:27,89%,8:25,,,,2559
2015-06-05 23:50:22,2015-06-06 07:00:30,81%,7:10,,,,7934
2015-06-06 23:14:14,2015-06-07 07:04:49,81%,7:50,,,,13556
2015-06-07 22:10:51,2015-06-08 06:43:13,66%,8:32,,,,15505
2015-06-08 22:52:32,2015-06-09 06:40:13,83%,7:47,,,,1426
2015-06-10 00:05:37,2015-06-10 07:27:56,75%,7:22,,,,7027
2015-06-10 23:09:35,2015-06-11 06:58:58,77%,7:49,,,,7123
2015-06-11 23:04:00,2015-06-12 06:54:57,72%,7:50,,,,13279
2015-06-12 23:02:51,2015-06-13 07:36:13,79%,8:33,,,,1220
2015-06-13 23:26:53,2015-06-14 07:14:03,69%,7:47,,,,16846
2015-06-14 22:37:50,2015-06-15 07:12:25,61%,8:34,,,,13089
2015-06-15 22:30:52,2015-06-16 06:44:52,77%,8:14,,,,977
2015-06-16 23:19:22,2015-06-17 07:13:24,63%,7:54,,,,11760
2015-06-17 23:09:16,2015-06-18 07:13:21,56%,8:04,,,,9036
2015-06-18 22:20:24,2015-06-19 06:52:55,75%,8:32,,,,1182
2015-06-20 22:56:38,2015-06-21 07:29:06,41%,8:32,,,,9407
2015-06-21 23:40:13,2015-06-22 07:15:34,85%,7:35,,,,10571
2015-06-22 22:27:21,2015-06-23 06:56:27,78%,8:29,,,,3004
2015-06-23 23:53:37,2015-06-24 06:29:59,75%,6:36,,,,8875
2015-06-25 00:52:27,2015-06-25 07:10:30,69%,6:18,,,,14078
2015-06-25 22:00:53,2015-06-26 06:50:55,95%,8:50,,,,1853
2015-06-26 23:23:47,2015-06-27 06:00:34,75%,6:36,,,,8663
2015-06-28 23:15:33,2015-06-29 06:58:49,77%,7:43,,,,13516
2015-06-29 22:08:44,2015-06-30 06:24:47,93%,8:16,,,,992
2015-06-30 23:34:42,2015-07-01 07:13:44,87%,7:39,,,,4210
2015-07-02 00:23:06,2015-07-02 07:15:30,60%,6:52,,,,13491
2015-07-02 22:14:08,2015-07-03 06:41:02,80%,8:26,,,,2726
2015-07-03 22:01:48,2015-07-04 06:43:34,98%,8:41,,,,19372
2015-07-04 22:23:21,2015-07-05 07:00:25,97%,8:37,,,,14655
2015-07-05 23:05:00,2015-07-06 06:58:17,83%,7:53,,,,19414
2015-07-06 22:06:53,2015-07-07 06:41:21,88%,8:34,,,,1214
2015-07-07 23:54:24,2015-07-08 06:39:04,73%,6:44,,,,1939
2015-07-08 21:55:24,2015-07-09 06:21:23,75%,8:25,,,,8829
2015-07-09 23:12:23,2015-07-10 06:44:26,80%,7:32,,,,2732
2015-07-10 23:43:49,2015-07-11 07:06:51,75%,7:23,,,,10573
2015-07-12 00:07:04,2015-07-12 07:12:04,75%,7:04,,,,17636
2015-07-12 22:28:29,2015-07-13 07:00:28,89%,8:31,,,,8201
2015-07-13 22:55:56,2015-07-14 06:40:16,55%,7:44,,,,5596
2015-07-14 23:16:06,2015-07-15 06:45:07,77%,7:29,,,,5219
2015-07-16 00:03:58,2015-07-16 07:13:14,77%,7:09,,,,14754
2015-07-16 22:28:30,2015-07-17 06:59:20,85%,8:30,,,,1685
2015-07-17 22:17:32,2015-07-18 06:45:11,80%,8:27,,,,4068
2015-07-18 22:08:10,2015-07-19 06:24:21,78%,8:16,,,,26687
2015-07-19 21:14:54,2015-07-20 06:30:22,99%,9:15,,,,10449
2015-07-20 22:09:32,2015-07-21 06:42:30,62%,8:32,,,,1364
2015-07-21 23:38:20,2015-07-22 06:29:40,80%,6:51,,,,9575
2015-07-23 00:02:43,2015-07-23 07:30:01,81%,7:27,,,,4527
2015-07-24 01:30:44,2015-07-24 08:01:18,72%,6:30,,,,10431
2015-07-25 00:13:22,2015-07-25 06:50:07,72%,6:36,,,,9776
2015-07-26 00:44:16,2015-07-26 09:02:48,83%,8:18,,,,8771
2015-07-26 22:02:44,2015-07-27 06:22:09,80%,8:19,,,,4209
2015-07-27 23:26:20,2015-07-28 06:30:30,79%,7:04,,,,1015
2015-07-28 23:00:28,2015-07-29 06:30:19,73%,7:29,,,,7798
2015-07-30 00:46:55,2015-07-30 06:29:46,54%,5:42,,,,6690
2015-07-30 22:37:11,2015-07-31 06:30:32,64%,7:53,,,,2398
2015-07-31 22:32:21,2015-08-01 06:30:26,87%,7:58,,,,7374
2015-08-02 23:02:34,2015-08-03 06:29:24,78%,7:26,,,,5697
2015-08-03 23:11:17,2015-08-04 06:30:01,67%,7:18,,,,1180
2015-08-04 23:31:44,2015-08-05 06:30:28,79%,6:58,,,,7178
2015-08-05 23:58:52,2015-08-06 07:14:07,74%,7:15,,,,14159
2015-08-06 22:33:02,2015-08-07 06:43:43,81%,8:10,,,,1244
2015-08-08 01:01:16,2015-08-08 07:45:25,72%,6:44,,,,4925
2015-08-08 23:44:29,2015-08-09 07:15:25,80%,7:30,,,,16589
2015-08-09 22:42:08,2015-08-10 06:29:46,72%,7:47,,,,16012
2015-08-10 22:24:23,2015-08-11 06:27:46,88%,8:03,,,,6436
2015-08-11 21:53:11,2015-08-12 06:29:55,92%,8:36,,,,3941
2015-08-12 23:22:10,2015-08-13 06:30:10,79%,7:07,,,,14794
2015-08-13 23:03:26,2015-08-14 06:07:10,62%,7:03,,,,3646
2015-08-14 23:13:09,2015-08-15 06:21:48,72%,7:08,,,,1251
2015-08-16 21:21:24,2015-08-17 06:30:32,90%,9:09,,,,8494
2015-08-17 23:11:52,2015-08-18 06:24:55,60%,7:13,,,,3598
2015-08-18 22:20:11,2015-08-19 06:30:00,87%,8:09,,,,5132
2015-08-19 23:33:31,2015-08-20 06:30:28,79%,6:56,,,,1073
2015-08-20 22:03:13,2015-08-21 06:23:48,86%,8:20,,,,1347
2015-08-21 23:44:10,2015-08-22 06:29:38,73%,6:45,,,,6074
2015-08-22 22:40:19,2015-08-23 06:04:27,80%,7:24,,,,14544
2015-08-23 22:51:59,2015-08-24 06:30:41,86%,7:38,,,,8375
2015-08-24 21:35:38,2015-08-25 06:28:41,91%,8:53,,,,1734
2015-08-25 23:13:22,2015-08-26 06:29:25,81%,7:16,,,,4423
2015-08-26 22:51:01,2015-08-27 06:30:32,84%,7:39,,,,1043
2015-08-27 22:56:32,2015-08-28 06:30:06,83%,7:33,,,,4617
2015-08-28 23:23:10,2015-08-29 06:51:57,79%,7:28,,,,8307
2015-08-30 22:03:59,2015-08-31 06:30:33,90%,8:26,,,,8378
2015-08-31 21:28:05,2015-09-01 05:00:01,67%,7:31,,,,1442
2015-09-02 00:27:46,2015-09-02 06:30:24,65%,6:02,,,,6266
2015-09-02 21:15:43,2015-09-03 06:30:06,99%,9:14,,,,5001
2015-09-03 22:40:30,2015-09-04 06:30:27,80%,7:49,,,,759
2015-09-04 21:39:39,2015-09-05 06:58:12,80%,9:18,,,,12965
2015-09-07 23:56:51,2015-09-08 06:30:30,68%,6:33,,,,9048
2015-09-08 22:01:29,2015-09-09 06:30:30,60%,8:29,,,,4323
2015-09-09 22:23:51,2015-09-10 06:30:36,87%,8:06,,,,969
2015-09-10 22:43:10,2015-09-11 06:29:13,86%,7:46,,,,1664
2015-09-12 01:40:45,2015-09-12 06:29:51,52%,4:49,,,,3753
2015-09-12 23:47:33,2015-09-13 06:27:16,80%,6:39,,,,2599
2015-09-13 22:41:23,2015-09-14 06:29:50,85%,7:48,,,,954
2015-09-14 23:51:23,2015-09-15 06:29:58,74%,6:38,,,,10320
2015-09-15 22:55:37,2015-09-16 05:45:38,71%,6:50,,,,6256
2015-09-16 22:34:24,2015-09-17 06:45:28,87%,8:11,,,,10055
2015-09-17 23:09:31,2015-09-18 06:45:34,81%,7:36,,,,5940
2015-09-18 21:16:39,2015-09-19 06:59:11,94%,9:42,,,,1078
2015-09-19 22:44:12,2015-09-20 06:45:35,87%,8:01,,,,6465
2015-09-20 21:57:31,2015-09-21 06:35:08,87%,8:37,,,,14593
2015-09-21 22:30:53,2015-09-22 06:45:09,92%,8:14,,,,9680
2015-09-22 23:08:19,2015-09-23 06:27:09,80%,7:18,,,,1699
2015-09-23 23:43:11,2015-09-24 06:30:29,77%,6:47,,,,8340
2015-09-25 00:15:42,2015-09-25 06:30:26,72%,6:14,,,,6066
2015-09-26 01:34:30,2015-09-26 07:29:19,63%,5:54,,,,4192
2015-09-29 19:17:05,2015-09-30 00:59:26,65%,5:42,,,,10775
2015-09-30 19:24:56,2015-10-01 02:13:20,74%,6:48,,,,17418
2015-10-01 19:04:30,2015-10-02 01:30:32,76%,6:26,,,,10099
2015-10-02 17:56:05,2015-10-02 23:30:32,65%,5:34,,,,10322
2015-10-03 19:24:56,2015-10-04 01:30:47,67%,6:05,,,,7766
2015-10-04 18:45:07,2015-10-04 23:59:34,53%,5:14,,,,11878
2015-10-05 18:53:21,2015-10-06 02:00:24,80%,7:07,,,,12417
2015-10-06 19:28:48,2015-10-07 00:35:36,55%,5:06,,,,13074
2015-10-07 19:08:30,2015-10-08 02:09:50,87%,7:01,,,,16384
2015-10-08 18:23:53,2015-10-09 01:47:53,89%,7:23,,,,19241
2015-10-09 20:06:31,2015-10-10 01:00:15,58%,4:53,,,,12687
2015-10-11 20:43:59,2015-10-12 06:30:24,87%,9:46,,,,1418
2015-10-12 21:07:54,2015-10-13 06:33:56,85%,9:26,,,,2781
2015-10-13 20:09:18,2015-10-14 06:34:59,100%,10:25,,,,1220
2015-10-14 21:13:47,2015-10-15 06:33:30,98%,9:19,,,,372
2015-10-15 20:06:08,2015-10-16 06:34:26,100%,10:28,,,,553
2015-10-16 23:57:05,2015-10-17 07:57:44,93%,8:00,,,,4446
2015-10-17 23:27:44,2015-10-18 07:34:27,90%,8:06,,,,11695
2015-10-18 20:41:57,2015-10-19 06:35:27,97%,9:53,,,,564
2015-10-19 23:07:56,2015-10-20 00:21:55,0%,0:00,,,,3106
2015-10-20 01:04:54,2015-10-20 06:34:30,63%,5:29,,,,3106
2015-10-20 23:14:45,2015-10-21 06:35:07,88%,7:20,,,,8869
2015-10-21 20:21:54,2015-10-22 06:33:21,39%,10:11,,,,7330
2015-10-22 21:52:00,2015-10-23 06:32:43,100%,8:40,,,,3112
2015-10-24 02:00:27,2015-10-24 08:35:30,76%,6:35,,,,3392
2015-10-25 00:07:10,2015-10-25 09:10:18,92%,9:03,,,,16236
2015-10-25 23:00:05,2015-10-26 06:32:07,87%,7:32,,,,726
2015-10-26 22:27:41,2015-10-27 06:35:38,91%,8:07,,,,1366
2015-10-27 22:35:24,2015-10-28 06:35:32,52%,8:00,,,,862
2015-10-28 22:07:32,2015-10-29 06:35:10,95%,8:27,,,,1379
2015-10-29 22:21:17,2015-10-30 06:34:38,45%,8:13,,,,1517
2015-10-30 23:18:13,2015-10-31 07:33:45,93%,8:15,,,,2220
2015-10-31 22:52:05,2015-11-01 07:19:41,100%,9:27,,,,18279
2015-11-01 23:06:11,2015-11-02 06:34:19,73%,7:28,,,,9233
2015-11-02 22:57:16,2015-11-03 06:33:28,85%,7:36,,,,710
2015-11-04 03:03:37,2015-11-04 06:35:03,36%,3:31,,,,1647
2015-11-04 21:28:27,2015-11-05 06:35:25,97%,9:06,,,,15421
2015-11-05 23:03:18,2015-11-06 06:32:12,82%,7:28,,,,835
2015-11-06 23:16:58,2015-11-07 07:35:30,90%,8:18,,,,671
2015-11-08 03:50:33,2015-11-08 07:31:33,44%,3:41,,,,18326
2015-11-08 21:36:46,2015-11-09 06:34:19,100%,8:57,,,,16702
2015-11-09 22:58:19,2015-11-10 06:35:33,84%,7:37,,,,833
2015-11-10 22:47:37,2015-11-11 06:35:12,88%,7:47,,,,1168
2015-11-11 22:34:26,2015-11-12 06:35:35,34%,8:01,,,,4021
2015-11-13 00:19:22,2015-11-13 06:35:39,70%,6:16,,,,1519
2015-11-15 03:34:33,2015-11-15 07:31:19,45%,3:56,,,,5955
2015-11-15 23:06:46,2015-11-16 06:35:29,85%,7:28,,,,14853
2015-11-16 22:02:39,2015-11-17 03:04:18,59%,5:01,,,,2562
2015-11-18 00:48:13,2015-11-18 08:25:53,79%,7:37,,,,7279
2015-11-19 01:29:32,2015-11-19 08:26:44,71%,6:57,,,,4565
2015-11-20 04:59:34,2015-11-20 08:30:31,40%,3:30,,,,6067
2015-11-21 02:34:35,2015-11-21 08:30:28,66%,5:55,,,,8527
2015-11-22 00:58:00,2015-11-22 08:30:30,84%,7:32,,,,2658
2015-11-22 22:36:03,2015-11-23 06:30:25,83%,7:54,,,,190
2015-11-23 23:33:18,2015-11-24 06:30:31,80%,6:57,,,,1327
2015-11-25 00:12:52,2015-11-25 06:30:37,73%,6:17,,,,1425
2015-11-28 01:30:38,2015-11-28 07:26:05,66%,5:55,,,,3968
2015-11-29 00:11:53,2015-11-29 07:27:09,80%,7:15,,,,2450
2015-11-29 23:02:53,2015-11-30 06:30:38,82%,7:27,,,,17575
2015-11-30 23:13:11,2015-12-01 06:30:38,82%,7:17,,,,2883
2015-12-02 03:18:27,2015-12-02 06:45:30,41%,3:27,,,,2062
2015-12-02 22:28:04,2015-12-03 06:20:42,91%,7:52,,,,1969
2015-12-04 01:12:39,2015-12-04 06:45:13,64%,5:32,,,,1663
2015-12-04 23:49:17,2015-12-05 07:43:35,90%,7:54,,,,1187
2015-12-06 00:07:43,2015-12-06 07:45:25,86%,7:37,,,,13425
2015-12-06 22:46:43,2015-12-07 06:33:32,91%,7:46,,,,13324
2015-12-07 22:02:35,2015-12-08 06:35:07,93%,8:32,,,,1510
2015-12-08 21:04:15,2015-12-09 03:09:18,61%,6:05,,,,2278
2015-12-09 20:40:20,2015-12-10 06:15:32,100%,9:35,,,,4905
2015-12-10 22:58:20,2015-12-11 06:13:25,82%,7:15,,,,1084
2015-12-12 03:06:50,2015-12-12 07:57:35,49%,4:50,,,,1656
2015-12-12 23:06:58,2015-12-13 07:30:30,92%,8:23,,,,12979
2015-12-13 22:55:36,2015-12-14 06:30:31,83%,7:34,,,,7107
2015-12-14 23:02:30,2015-12-15 04:00:27,53%,4:57,,,,1871
2015-12-16 00:10:52,2015-12-16 08:58:15,98%,8:47,,,,5568
2015-12-16 23:38:59,2015-12-17 08:59:10,89%,9:20,,,,2751
2015-12-17 23:13:11,2015-12-18 06:57:12,70%,7:44,,,,1835
2015-12-18 23:29:53,2015-12-19 08:00:33,95%,8:30,,,,4943
2015-12-20 01:14:04,2015-12-20 08:00:32,74%,6:46,,,,3901
2015-12-20 23:01:01,2015-12-21 06:15:32,81%,7:14,,,,581
2015-12-22 00:31:50,2015-12-22 06:15:31,61%,5:43,,,,1209
2015-12-22 23:31:31,2015-12-23 06:15:33,74%,6:44,,,,1613
2015-12-23 23:12:26,2015-12-24 07:00:17,87%,7:47,,,,2189
2015-12-25 22:45:52,2015-12-26 06:58:58,96%,8:13,,,,1705
2015-12-27 23:46:05,2015-12-28 06:30:31,75%,6:44,,,,580
2015-12-28 22:54:35,2015-12-29 04:30:24,61%,5:35,,,,1366
2016-01-01 23:01:36,2016-01-02 05:56:37,78%,6:55,,,,7463
2016-01-02 23:32:12,2016-01-03 06:29:46,82%,6:57,,,,672
2016-01-03 23:04:19,2016-01-04 06:15:01,75%,7:10,,,,3172
2016-01-05 00:06:08,2016-01-05 06:13:32,71%,6:07,,,,2571
2016-01-06 00:06:00,2016-01-06 06:15:20,71%,6:09,,,,1759
2016-01-07 00:07:04,2016-01-07 06:14:44,70%,6:07,,,,1528
2016-01-07 21:19:23,2016-01-08 06:13:18,100%,8:53,,,,1682
2016-01-08 23:28:09,2016-01-09 07:14:42,88%,7:46,,,,2133
2016-01-10 00:02:40,2016-01-10 08:08:17,89%,8:05,,,,4194
2016-01-10 20:20:21,2016-01-11 06:14:56,97%,9:54,,,,972
2016-01-11 22:09:32,2016-01-12 06:13:30,91%,8:03,,,,994
2016-01-13 02:08:54,2016-01-13 06:15:28,49%,4:06,,,,2089
2016-01-13 23:01:41,2016-01-14 06:11:54,76%,7:10,:|,,,1494
2016-01-14 22:59:07,2016-01-15 06:15:20,74%,7:16,:),,,1509
2016-01-15 23:17:35,2016-01-16 07:03:39,81%,7:46,:),,,617
2016-01-16 23:57:38,2016-01-17 07:11:00,80%,7:13,:),,,7452
2016-01-18 00:19:44,2016-01-18 06:09:07,73%,5:49,:(,,,1877
2016-01-19 00:34:22,2016-01-19 06:15:21,63%,5:40,:),,,2636
2016-01-19 22:59:15,2016-01-20 06:14:41,80%,7:15,:|,,,1551
2016-01-20 23:23:29,2016-01-21 06:14:53,72%,6:51,:|,,,1742
2016-01-21 22:54:12,2016-01-22 06:11:51,59%,7:17,:(,,,2588
2016-01-22 22:59:43,2016-01-23 07:14:53,79%,8:15,:|,,,982
2016-01-24 01:18:54,2016-01-24 07:17:05,70%,5:58,:|,,,2966
2016-01-24 23:50:25,2016-01-25 06:15:20,71%,6:24,:|,,,2697
2016-01-25 23:29:38,2016-01-26 06:13:22,75%,6:43,:|,,,1408
2016-01-27 01:13:16,2016-01-27 06:15:46,59%,5:02,:|,,,2505
2016-01-28 00:33:54,2016-01-28 06:15:34,40%,5:41,:|,,,1449
2016-01-28 22:41:44,2016-01-29 06:15:27,75%,7:33,:),,,1077
2016-01-29 23:32:12,2016-01-30 06:10:12,66%,6:38,:),,,1529
2016-01-31 00:30:17,2016-01-31 07:11:19,54%,6:41,:|,,,3134
2016-01-31 22:54:53,2016-02-01 06:14:46,71%,7:19,:|,,,4564
2016-02-01 23:11:14,2016-02-02 06:14:42,76%,7:03,:|,,,1319
2016-02-03 00:33:36,2016-02-03 06:13:10,65%,5:39,:|,,,2734
2016-02-03 23:23:35,2016-02-04 06:15:21,63%,6:51,:|,,,1067
2016-02-04 23:44:53,2016-02-05 06:14:15,75%,6:29,:|,,,2337
2016-02-05 23:38:57,2016-02-06 07:14:10,77%,7:35,:|,,,895
2016-02-06 23:40:21,2016-02-07 07:13:25,77%,7:33,:),,,2887
2016-02-07 23:23:41,2016-02-08 06:13:37,67%,6:49,:(,,,1830
2016-02-09 00:05:40,2016-02-09 06:15:18,69%,6:09,:|,,,2088
2016-02-10 05:32:15,2016-02-10 06:14:41,9%,0:42,:(,,,2392
2016-02-10 22:37:04,2016-02-11 06:15:01,82%,7:37,:|,,,1447
2016-02-11 23:44:14,2016-02-12 06:09:28,73%,6:25,:),,,1085
2016-02-12 22:42:35,2016-02-13 08:04:13,76%,9:21,:),,,1851
2016-02-13 22:59:48,2016-02-14 08:02:19,88%,9:02,:),,,1168
2016-02-14 22:13:18,2016-02-15 06:14:16,94%,8:00,:),,,1656
2016-02-15 23:41:35,2016-02-16 06:13:28,80%,6:31,:|,,,905
2016-02-17 00:46:57,2016-02-17 06:15:19,61%,5:28,:|,,,2235
2016-02-17 23:12:06,2016-02-18 06:15:17,76%,7:03,:|,,,926
2016-02-19 00:06:10,2016-02-19 06:14:31,51%,6:08,:|,,,2191
2016-02-19 19:53:48,2016-02-20 07:49:27,77%,11:55,:|,,,736
2016-02-21 01:34:22,2016-02-21 07:56:27,47%,6:22,:|,,,1563
2016-02-21 20:42:28,2016-02-22 06:14:26,89%,9:31,:|,,,12735
2016-02-22 23:24:20,2016-02-23 06:14:41,72%,6:50,:|,,,852
2016-02-23 23:43:39,2016-02-24 06:14:27,59%,6:30,:|,,,1350
2016-02-25 00:59:02,2016-02-25 06:14:13,46%,5:15,:|,,,1060
2016-02-26 01:55:32,2016-02-26 06:13:45,44%,4:18,:(,,,1043
2016-02-26 22:41:53,2016-02-27 07:52:18,91%,9:10,:),,,903
2016-02-28 00:00:10,2016-02-28 08:14:07,83%,8:13,:),,,3360
2016-02-28 23:06:58,2016-02-29 06:14:13,71%,7:07,:|,,,1011
2016-03-01 00:13:53,2016-03-01 06:14:27,59%,6:00,:|,,,1735
2016-03-03 01:31:39,2016-03-03 06:14:26,50%,4:42,:(,,,6521
2016-03-04 01:14:39,2016-03-04 06:14:42,62%,5:00,:|,,,961
2016-03-04 23:43:47,2016-03-05 08:05:30,86%,8:21,:|,,,3148
2016-03-05 23:07:48,2016-03-06 08:04:14,93%,8:56,:|,,,7765
2016-03-06 22:42:10,2016-03-07 06:13:35,70%,7:31,:|,,,11952
2016-03-07 23:33:19,2016-03-08 06:13:35,76%,6:40,:|,,,2647
2016-03-09 03:18:21,2016-03-09 06:13:59,38%,2:55,:|,,,1764
2016-03-10 00:05:43,2016-03-10 06:14:18,69%,6:08,:|,,,13269
2016-03-11 01:33:23,2016-03-11 06:12:16,55%,4:38,:),,,1477
2016-03-12 01:18:29,2016-03-12 07:15:29,63%,5:56,:|,,,1499
2016-03-13 00:29:21,2016-03-13 08:11:51,70%,6:42,:|,,,15219
2016-03-14 00:39:57,2016-03-14 06:15:19,60%,5:35,:|,,,2993
2016-03-14 22:53:16,2016-03-15 05:45:33,71%,6:52,:),,,7513
2016-03-15 23:02:17,2016-03-16 06:14:39,75%,7:12,:|,,,8422
2016-03-16 23:57:55,2016-03-17 06:05:34,69%,6:07,:|,,,7575
2016-03-18 01:16:00,2016-03-18 06:13:50,50%,4:57,:|,,,9679
2016-03-18 23:26:21,2016-03-19 08:04:48,91%,8:38,:|,,,8669
2016-03-20 00:13:33,2016-03-20 08:13:27,91%,7:59,:),,,4358
2016-03-20 22:46:52,2016-03-21 05:26:14,74%,6:39,:),,,4597
2016-03-22 00:44:27,2016-03-22 06:15:28,58%,5:31,:|,,,5811
2016-03-22 23:17:12,2016-03-23 06:12:59,80%,6:55,:|,,,3217
2016-03-24 00:28:40,2016-03-24 06:14:27,56%,5:45,:|,,,3161
2016-03-24 22:58:10,2016-03-25 06:14:02,83%,7:15,:|,,,5175
2016-03-25 23:34:54,2016-03-26 08:11:00,94%,8:36,:),,,10633
2016-03-27 01:33:55,2016-03-27 08:13:21,76%,6:39,:|,,,3415
2016-03-27 22:58:53,2016-03-28 06:14:27,81%,7:15,:|,,,1269
2016-03-28 23:30:16,2016-03-29 06:14:33,77%,6:44,:|,,,1099
2016-03-29 21:37:29,2016-03-30 06:14:06,91%,8:36,:),,,1060
2016-03-30 21:53:34,2016-03-31 06:15:10,87%,8:21,:|,,,9649
2016-03-31 22:51:24,2016-04-01 06:15:05,71%,7:23,:|,,,1899
2016-04-01 23:27:20,2016-04-02 08:12:10,85%,8:44,:),,,2423
2016-04-03 02:23:29,2016-04-03 08:13:26,52%,5:49,:|,,,770
2016-04-03 23:23:04,2016-04-04 06:12:46,73%,6:49,:|,,,687
2016-04-05 00:17:15,2016-04-05 06:14:15,41%,5:57,:|,,,1954
2016-04-06 00:28:21,2016-04-06 06:14:24,64%,5:46,:(,,,971
2016-04-06 21:01:31,2016-04-07 06:14:36,96%,9:13,:|,,,1087
2016-04-07 22:17:48,2016-04-08 06:14:59,85%,7:57,:|,,,1221
2016-04-08 23:38:09,2016-04-09 08:12:36,87%,8:34,:|,,,1471
2016-04-10 01:12:24,2016-04-10 08:12:20,66%,6:59,:),,,7603
2016-04-10 23:44:16,2016-04-11 06:14:07,74%,6:29,:|,,,1094
2016-04-11 23:07:24,2016-04-12 06:14:20,66%,7:06,:|,,,2863
2016-04-12 23:42:40,2016-04-13 06:15:15,65%,6:32,:|,,,2408
2016-04-13 22:59:50,2016-04-14 06:12:24,81%,7:12,:|,,,2230
2016-04-15 00:03:28,2016-04-15 06:13:40,64%,6:10,:|,,,16819
2016-04-15 22:56:53,2016-04-16 07:08:19,61%,8:11,:|,,,15627
2016-04-16 23:34:11,2016-04-17 07:10:06,90%,7:35,:|,,,15422
2016-04-17 22:38:22,2016-04-18 06:14:35,87%,7:36,:|,,,15282
2016-04-18 23:10:01,2016-04-19 06:14:17,75%,7:04,:|,,,4328
2016-04-19 23:31:19,2016-04-20 06:14:45,71%,6:43,:|,,,16953
2016-04-20 22:39:53,2016-04-21 06:13:58,82%,7:34,:|,,,13533
2016-04-21 23:50:47,2016-04-22 06:15:02,75%,6:24,:|,,,1161
2016-04-22 23:29:34,2016-04-23 06:42:02,71%,7:12,:|,,,2735
2016-04-23 23:32:05,2016-04-24 06:30:24,76%,6:58,:|,,,16077
2016-04-25 00:28:05,2016-04-25 06:14:42,66%,5:46,:|,,,8623
2016-04-25 23:17:44,2016-04-26 06:13:52,74%,6:56,:|,,,2875
2016-04-27 02:18:31,2016-04-27 06:13:28,45%,3:54,:|,,,8132
2016-04-27 22:27:43,2016-04-28 06:13:39,93%,7:45,:|,,,1994
2016-04-28 23:56:15,2016-04-29 06:14:24,65%,6:18,:|,,,1164
2016-04-30 04:18:01,2016-04-30 08:06:31,41%,3:48,:(,,,2572
2016-05-01 22:47:13,2016-05-02 06:14:17,82%,7:27,:|,,,277
2016-05-02 23:31:05,2016-05-03 06:14:24,75%,6:43,:|,,,999
2016-05-03 23:08:01,2016-05-04 06:14:10,71%,7:06,:|,,,11105
2016-05-04 22:33:51,2016-05-05 06:15:13,90%,7:41,:|,,,4563
2016-05-05 23:17:48,2016-05-06 06:14:20,77%,6:56,:|,,,2665
2016-05-07 00:18:09,2016-05-07 06:40:32,67%,6:22,:|,,,5718
2016-05-08 22:23:31,2016-05-09 06:14:54,81%,7:51,:),,,1370
2016-05-09 21:44:42,2016-05-10 06:15:24,79%,8:30,:|,,,7992
2016-05-10 22:55:50,2016-05-11 06:14:42,66%,7:18,:|,,,6458
2016-05-11 23:51:43,2016-05-12 06:13:27,51%,6:21,:|,,,13730
2016-05-12 22:02:17,2016-05-13 06:14:23,92%,8:12,:|,,,3882
2016-05-14 00:50:56,2016-05-14 06:42:25,54%,5:51,:|,,,2958
2016-05-15 23:11:32,2016-05-16 06:14:55,72%,7:03,:|,,,913
2016-05-16 22:23:18,2016-05-17 06:14:38,86%,7:51,:|,,,7688
2016-05-17 22:51:49,2016-05-18 06:14:56,75%,7:23,:|,,,4410
2016-05-19 00:06:58,2016-05-19 06:14:25,60%,6:07,:|,,,16534
2016-05-22 00:01:47,2016-05-22 06:44:33,64%,6:42,:|,,,258
2016-05-22 23:36:09,2016-05-23 06:14:48,71%,6:38,:(,,,9076
2016-05-23 22:16:35,2016-05-24 06:14:31,69%,7:57,:|,,,5112
2016-05-24 22:26:49,2016-05-25 06:14:21,58%,7:47,:|,,,9415
2016-05-25 23:44:30,2016-05-26 06:14:35,64%,6:30,:|,,,16369
2016-05-26 22:13:44,2016-05-27 06:14:23,74%,8:00,:|,,,2103
2016-05-28 00:09:51,2016-05-28 06:14:49,60%,6:04,:|,,,1810
2016-05-28 23:19:59,2016-05-29 05:50:31,79%,6:30,:|,,,22656
2016-05-29 22:02:25,2016-05-30 06:11:05,98%,8:08,:|,,,16854
2016-05-30 22:43:47,2016-05-31 06:08:37,80%,7:24,:|,,,18501
2016-05-31 22:29:49,2016-06-01 06:13:29,95%,7:43,:|,,,9249
2016-06-01 23:38:07,2016-06-02 06:14:45,78%,6:36,:|,,,16487
2016-06-02 22:12:26,2016-06-03 06:14:07,94%,8:01,:|,,,1986
2016-06-03 23:56:56,2016-06-04 05:48:29,72%,5:51,:(,,,10417
2016-06-05 22:21:24,2016-06-06 06:10:58,88%,7:49,:|,,,2033
2016-06-06 23:18:02,2016-06-07 05:59:40,79%,6:41,:|,,,7224
2016-06-07 23:12:37,2016-06-08 06:14:33,59%,7:01,:|,,,20578
2016-06-08 23:20:13,2016-06-09 06:13:55,51%,6:53,:|,,,1987
2016-06-09 23:00:10,2016-06-10 06:14:55,70%,7:14,:|,,,3069
2016-06-11 00:06:42,2016-06-11 06:11:18,61%,6:04,:|,,,16801
2016-06-11 23:12:15,2016-06-12 05:43:13,66%,6:30,:|,,,26420
2016-06-12 20:48:12,2016-06-13 06:14:35,83%,9:26,:|,,,7133
2016-06-13 23:28:41,2016-06-14 06:14:10,66%,6:45,:|,,,3847
2016-06-14 22:52:10,2016-06-15 06:14:30,76%,7:22,:|,,,10958
2016-06-15 23:33:04,2016-06-16 06:15:28,69%,6:42,:|,,,7335
2016-06-16 22:11:52,2016-06-17 06:14:28,93%,8:02,:|,,,4212
2016-06-18 01:24:01,2016-06-18 06:23:24,64%,4:59,:|,,,3526
2016-06-19 23:22:55,2016-06-20 06:14:35,83%,6:51,:|,,,2213
2016-06-20 22:50:19,2016-06-21 06:14:31,73%,7:24,:|,,,5203
2016-06-21 22:13:09,2016-06-22 06:15:08,98%,8:01,:|,,,6466
2016-06-22 23:55:15,2016-06-23 06:14:40,79%,6:19,:|,,,16992
2016-06-24 00:13:08,2016-06-24 06:14:10,75%,6:01,:|,,,1146
2016-06-24 23:24:58,2016-06-25 06:29:03,77%,7:04,:|,,,8584
2016-06-26 02:02:37,2016-06-26 06:29:55,54%,4:27,:|,,,12390
2016-06-26 20:50:50,2016-06-27 06:15:16,82%,9:24,:|,,,11994
2016-06-27 23:23:48,2016-06-28 06:11:21,80%,6:47,:|,,,3841
2016-06-28 22:37:34,2016-06-29 06:14:21,86%,7:36,:|,,,10617
2016-06-29 23:16:24,2016-06-30 06:15:01,83%,6:58,:|,,,17201
2016-07-01 00:32:21,2016-07-01 06:14:48,70%,5:42,:|,,,17616
2016-07-01 23:21:12,2016-07-02 07:15:02,92%,7:53,:|,,,1873
2016-07-03 00:12:06,2016-07-03 06:44:23,79%,6:32,:|,,,16258
2016-07-03 22:07:20,2016-07-04 06:00:27,92%,7:53,:|,,,16835
2016-07-04 22:20:20,2016-07-05 06:15:12,93%,7:54,:|,,,15803
2016-07-05 21:15:20,2016-07-06 06:14:13,98%,8:58,:|,,,9770
2016-07-06 23:31:10,2016-07-07 05:44:42,72%,6:13,:|,,,6012
2016-07-07 22:34:08,2016-07-08 06:14:48,81%,7:40,:|,,,17843
2016-07-09 00:12:11,2016-07-09 06:30:27,75%,6:18,:|,,,15775
2016-07-09 23:58:02,2016-07-10 06:59:54,75%,7:01,:|,,,17616
2016-07-10 21:10:45,2016-07-11 06:14:32,96%,9:03,:|,,,16142
2016-07-11 23:30:31,2016-07-12 06:14:06,76%,6:43,:|,,,6642
2016-07-12 22:51:38,2016-07-13 06:15:09,88%,7:23,:|,,,10727
2016-07-13 22:26:33,2016-07-14 06:14:31,79%,7:47,:(,,,4396
2016-07-14 22:33:54,2016-07-15 06:15:15,93%,7:41,:|,,,1241
2016-07-15 23:26:54,2016-07-16 05:50:18,72%,6:23,:|,,,9341
2016-07-17 03:41:00,2016-07-17 05:49:52,27%,2:08,:|,,,19100
2016-07-17 22:45:00,2016-07-18 06:14:09,87%,7:29,:|,,,1528
2016-07-18 22:52:19,2016-07-19 06:14:30,80%,7:22,:|,,,1893
2016-07-20 00:41:36,2016-07-20 03:13:48,33%,2:32,:|,,,6226
2016-07-21 23:59:16,2016-07-22 07:48:59,90%,7:49,:),,,8924
2016-07-23 02:32:02,2016-07-23 07:15:30,47%,4:43,:|,,,11936
2016-07-24 19:04:55,2016-07-25 06:14:47,100%,11:09,:|,,,6216
2016-07-25 22:58:25,2016-07-26 06:14:18,78%,7:15,:|,,,4281
2016-07-27 03:43:49,2016-07-27 06:15:16,26%,2:31,:|,,,7741
2016-07-27 23:48:44,2016-07-28 06:39:02,80%,6:50,:|,,,10280
2016-07-29 01:08:42,2016-07-29 06:15:27,55%,5:06,:|,,,10192
2016-07-30 02:49:10,2016-07-30 07:00:35,44%,4:11,:|,,,9307
2016-07-31 03:13:45,2016-07-31 08:54:11,70%,5:40,:|,,,12491
2016-07-31 22:03:30,2016-08-01 06:14:20,88%,8:10,:|,,,433
2016-08-01 23:28:01,2016-08-02 06:15:09,76%,6:47,:|,,,11267
2016-08-02 23:12:35,2016-08-03 06:15:12,79%,7:02,:|,,,2387
2016-08-03 23:56:23,2016-08-04 06:15:16,69%,6:18,:|,,,15882
2016-08-04 23:25:01,2016-08-05 06:15:16,74%,6:50,:|,,,1379
2016-08-07 23:29:52,2016-08-08 06:13:39,76%,6:43,:|,,,3702
2016-08-08 22:58:59,2016-08-09 06:15:14,75%,7:16,:|,,,3219
2016-08-09 22:34:07,2016-08-10 06:14:28,58%,7:40,:|,,,5450
2016-08-10 23:35:04,2016-08-11 06:14:40,68%,6:39,:(,,,8643
2016-08-12 00:02:18,2016-08-12 06:14:12,66%,6:11,:|,,,2187
2016-08-12 23:51:07,2016-08-13 06:12:29,73%,6:21,:|,,,4095
2016-08-13 23:18:57,2016-08-14 08:14:22,89%,8:55,:),,,6679
2016-08-14 23:35:08,2016-08-15 06:14:26,75%,6:39,:),,,6938
2016-08-15 22:07:41,2016-08-16 06:14:53,96%,8:07,:|,,,1287
2016-08-16 22:56:03,2016-08-17 06:14:53,79%,7:18,:),,,4100
2016-08-17 22:50:52,2016-08-18 06:14:24,78%,7:23,:|,,,15162
2016-08-18 23:51:41,2016-08-19 06:14:58,77%,6:23,:|,,,5517
2016-08-21 23:01:10,2016-08-22 06:14:39,79%,7:13,:|,,,1541
2016-08-22 22:38:46,2016-08-23 06:14:11,82%,7:35,:|,,,4073
2016-08-23 22:37:33,2016-08-24 06:14:38,84%,7:37,:|,,,4931
2016-08-24 22:25:22,2016-08-25 06:14:19,74%,7:48,:|,,,9314
2016-08-26 22:59:41,2016-08-27 06:44:59,87%,7:45,:|,,,13131
2016-08-27 22:39:59,2016-08-28 07:00:12,81%,8:20,:|,,,16157
2016-08-28 23:12:28,2016-08-29 00:12:51,13%,1:00,:|,,,8381
2016-08-29 00:14:33,2016-08-29 06:14:31,48%,5:59,:|,,,0
2016-08-29 22:10:34,2016-08-30 06:15:10,90%,8:04,:|,,,10156
2016-08-30 23:51:18,2016-08-31 06:14:23,72%,6:23,:|,,,6378
2016-08-31 23:10:23,2016-09-01 06:14:37,77%,7:04,:|,,,850
2016-09-01 23:32:17,2016-09-02 06:15:12,73%,6:42,:|,,,6849
2016-09-02 22:33:45,2016-09-03 05:45:21,80%,7:11,:|,,,2514
2016-09-03 22:59:31,2016-09-04 07:57:57,96%,8:58,:),,,15584
2016-09-04 23:47:48,2016-09-05 06:14:36,65%,6:26,:|,,,9680
2016-09-05 22:28:44,2016-09-06 06:14:20,73%,7:45,:(,,,10248
2016-09-06 23:02:37,2016-09-07 06:14:35,73%,7:11,:|,,,7514
2016-09-07 22:49:20,2016-09-08 06:14:39,75%,7:25,:|,,,1198
2016-09-09 00:04:53,2016-09-09 06:14:26,66%,6:09,:|,,,1820
2016-09-09 23:59:15,2016-09-10 06:00:36,59%,6:01,:|,,,11054
2016-09-10 23:04:05,2016-09-11 06:28:16,80%,7:24,:|,,,11517
2016-09-11 22:56:50,2016-09-12 06:14:23,83%,7:17,:|,,,8895
2016-09-12 22:15:55,2016-09-13 05:40:37,68%,7:24,:|,,,1571
2016-09-13 22:42:36,2016-09-14 06:15:10,85%,7:32,:|,,,6113
2016-09-14 23:45:08,2016-09-15 06:14:08,75%,6:28,:|,,,3900
2016-09-15 22:34:39,2016-09-16 06:14:54,86%,7:40,:|,,,1182
2016-09-17 00:44:12,2016-09-17 07:14:22,62%,6:30,:|,,,8005
2016-09-17 23:51:17,2016-09-18 07:14:13,82%,7:22,:(,,,10803
2016-09-18 22:37:23,2016-09-19 06:15:01,86%,7:37,:|,,,97
2016-09-19 22:28:41,2016-09-20 06:14:49,92%,7:46,:|,,,2464
2016-09-20 21:31:49,2016-09-21 06:14:17,89%,8:42,:|,,,2508
2016-09-21 21:44:56,2016-09-22 06:14:25,99%,8:29,:|,,,10682
2016-09-22 22:54:12,2016-09-23 06:14:20,85%,7:20,:|,,,6968
2016-09-24 00:17:43,2016-09-24 06:10:08,71%,5:52,:|,,,2153
2016-09-24 22:54:40,2016-09-25 06:14:10,90%,7:19,:|,,,10175
2016-09-25 22:17:46,2016-09-26 06:14:18,78%,7:56,:|,,,16923
2016-09-26 22:51:36,2016-09-27 06:15:11,65%,7:23,:|,,,865
2016-09-27 22:44:07,2016-09-28 06:14:04,69%,7:29,:|,,,842
2016-09-28 22:06:42,2016-09-29 06:03:00,82%,7:56,:|,,,4899
2016-09-29 22:51:39,2016-09-30 06:12:45,79%,7:21,:|,,,2381
2016-09-30 22:39:14,2016-10-01 06:14:13,81%,7:34,:|,,,464
2016-10-01 21:50:43,2016-10-02 06:13:50,94%,8:23,:|,,,604
2016-10-02 23:13:44,2016-10-03 06:14:26,64%,7:00,:|,,,8762
2016-10-03 23:43:01,2016-10-04 06:14:34,65%,6:31,:|,,,4885
2016-10-04 22:10:19,2016-10-05 06:14:07,84%,8:03,:|,,,6519
2016-10-05 23:02:26,2016-10-06 06:14:42,71%,7:12,:(,,,9824
2016-10-07 23:13:36,2016-10-08 08:14:26,100%,9:00,:),,,6376
2016-10-08 22:40:59,2016-10-09 08:15:03,82%,9:34,:|,,,4648
2016-10-09 22:50:39,2016-10-10 06:14:09,71%,7:23,:|,,,1792
2016-10-10 22:45:28,2016-10-11 06:14:48,78%,7:29,:),,,1724
2016-10-11 21:36:20,2016-10-12 06:14:55,92%,8:38,:|,,,1219
2016-10-12 22:31:20,2016-10-13 06:14:23,71%,7:43,:),,,9142
2016-10-13 23:05:05,2016-10-14 06:15:18,74%,7:10,:|,,,2032
2016-10-15 01:45:30,2016-10-15 06:14:15,42%,4:28,:(,,,2786
2016-10-16 00:00:59,2016-10-16 08:15:32,85%,8:14,:|,,,17987
2016-10-16 21:42:56,2016-10-17 06:14:27,87%,8:31,:|,,,877
2016-10-18 00:45:11,2016-10-18 06:14:02,43%,5:28,:(,,,9914
2016-10-19 00:01:13,2016-10-19 06:14:04,58%,6:12,:|,,,3565
2016-10-19 23:57:20,2016-10-20 06:13:26,68%,6:16,:|,,,1201
2016-10-20 22:34:19,2016-10-21 06:13:30,72%,7:39,:|,,,1118
2016-10-22 00:36:51,2016-10-22 08:10:35,74%,7:33,:|,,,2261
2016-10-23 00:35:31,2016-10-23 08:12:35,76%,7:37,:|,,,1308
2016-10-23 20:01:58,2016-10-24 06:14:05,84%,10:12,:|,,,12442
2016-10-24 23:16:44,2016-10-25 06:14:34,63%,6:57,:|,,,2066
2016-10-25 22:26:13,2016-10-26 07:14:34,88%,8:48,:|,,,1150
2016-10-26 22:33:52,2016-10-27 06:14:20,73%,7:40,:|,,,7971
2016-10-27 22:56:04,2016-10-28 06:14:07,71%,7:18,:|,,,1758
2016-10-28 21:53:47,2016-10-29 07:11:04,86%,9:17,:|,,,5283
2016-10-30 01:49:41,2016-10-30 08:13:41,70%,6:24,:|,,,12627
2016-10-30 23:38:51,2016-10-31 01:06:52,0%,0:00,,,,2291
2016-10-31 22:00:23,2016-11-01 06:14:21,74%,8:13,:|,,,4777
2016-11-02 03:27:19,2016-11-02 06:14:16,34%,2:46,:|,,,1227
2016-11-03 01:01:21,2016-11-03 06:02:26,58%,5:01,:|,,,8753
2016-11-03 22:20:25,2016-11-04 05:05:30,58%,6:45,:|,,,1545
2016-11-05 00:57:01,2016-11-05 06:57:48,59%,6:00,:|,,,2870
2016-11-05 23:32:36,2016-11-06 07:38:27,81%,9:05,:),,,17988
2016-11-06 21:52:34,2016-11-07 05:04:46,73%,7:12,:|,,,127
2016-11-07 22:48:36,2016-11-08 06:14:34,70%,7:25,:|,,,2801
2016-11-09 01:13:27,2016-11-09 04:50:19,36%,3:36,:|,,,1739
2016-11-09 21:35:38,2016-11-10 06:11:19,81%,8:35,:(,,,2267
2016-11-10 21:16:44,2016-11-11 05:15:30,69%,7:58,:|,,,1461
2016-11-12 23:29:22,2016-11-13 07:15:19,70%,7:45,:|,,,3689
2016-11-13 22:00:23,2016-11-14 05:15:22,77%,7:14,:|,,,13809
2016-11-14 22:27:09,2016-11-15 05:49:47,71%,7:22,:|,,,2296
2016-11-15 21:34:07,2016-11-16 05:14:45,69%,7:40,:|,,,1689
2016-11-16 22:30:18,2016-11-17 05:14:12,69%,6:43,:|,,,2395
2016-11-17 23:00:19,2016-11-18 05:04:34,62%,6:04,:|,,,2245
2016-11-18 20:52:54,2016-11-19 06:59:37,93%,10:06,:|,,,14869
2016-11-20 22:10:20,2016-11-21 05:04:22,73%,6:54,:|,,,443
2016-11-21 22:16:42,2016-11-22 06:04:59,75%,7:48,:|,,,2391
2016-11-22 23:09:58,2016-11-23 05:05:00,60%,5:55,:|,,,2301
2016-11-23 22:57:33,2016-11-24 06:15:24,72%,7:17,:|,,,2559
2016-11-25 00:25:24,2016-11-25 05:05:27,49%,4:40,:|,,,678
2016-11-26 01:07:02,2016-11-26 08:03:12,68%,6:56,:|,,,4195
2016-11-27 00:31:11,2016-11-27 08:05:31,71%,7:34,:|,,,667
2016-11-27 22:02:43,2016-11-28 05:03:34,70%,7:00,:|,,,3199
2016-11-29 00:01:51,2016-11-29 06:04:07,64%,6:02,:|,,,2688
2016-11-29 23:44:30,2016-11-30 05:04:19,50%,5:19,:|,,,3742
2016-12-01 00:02:10,2016-12-01 06:04:03,68%,6:01,:|,,,2103
2016-12-01 23:06:17,2016-12-02 05:04:47,60%,5:58,:|,,,1355
2016-12-03 00:36:52,2016-12-03 07:04:59,70%,6:28,:|,,,2768
2016-12-04 00:56:08,2016-12-04 07:04:27,62%,6:08,:|,,,1281
2016-12-04 20:26:41,2016-12-05 05:04:14,85%,8:37,:|,,,2388
2016-12-05 22:27:57,2016-12-06 05:04:34,72%,6:36,:|,,,1969
2016-12-06 22:47:37,2016-12-07 05:05:28,60%,6:17,:|,,,1040
2016-12-07 23:23:10,2016-12-08 05:04:45,59%,5:41,:|,,,2431
2016-12-08 23:02:56,2016-12-09 05:02:08,53%,5:59,:|,,,1060
2016-12-09 23:44:32,2016-12-10 07:05:30,83%,7:20,:|,,,955
2016-12-11 00:20:30,2016-12-11 07:04:48,75%,6:44,:|,,,966
2016-12-12 00:37:02,2016-12-12 05:05:20,52%,4:28,:|,,,1964
2016-12-12 23:00:41,2016-12-13 05:05:23,67%,6:04,:),,,1230
2016-12-13 22:49:10,2016-12-14 05:04:42,69%,6:15,:|,,,904
2016-12-14 22:50:05,2016-12-15 05:05:36,66%,6:15,:|,,,1656
2016-12-18 01:05:20,2016-12-18 08:05:30,72%,7:00,:|,,,3301
2016-12-18 22:26:20,2016-12-19 05:03:28,69%,6:37,:|,,,2328
2016-12-19 23:13:19,2016-12-20 06:04:27,75%,6:51,:|,,,1381
2016-12-20 23:14:24,2016-12-21 05:04:07,67%,5:49,:|,,,1520
2016-12-21 23:33:30,2016-12-22 06:03:58,69%,6:30,:|,,,1664
2016-12-23 00:14:01,2016-12-23 07:05:25,67%,6:51,:|,,,648
2016-12-23 23:20:28,2016-12-24 06:58:52,77%,7:38,:|,,,204
2016-12-26 00:40:32,2016-12-26 08:05:22,83%,7:24,:|,,,197
2016-12-26 21:48:25,2016-12-27 05:04:31,58%,7:16,:|,,,851
2016-12-28 02:13:24,2016-12-28 06:01:45,42%,3:48,:|,,,1576
2016-12-28 23:28:12,2016-12-29 06:04:26,71%,6:36,:|,,,1806
2016-12-30 00:00:57,2016-12-30 05:05:31,57%,5:04,:|,,,2124
2016-12-31 01:45:42,2016-12-31 08:02:13,73%,6:16,:|,,,2051
2017-01-01 23:31:04,2017-01-02 07:59:45,95%,8:28,:|,,,311
2017-01-02 23:29:42,2017-01-03 06:13:25,71%,6:43,:|,,,1167
2017-01-03 23:57:28,2017-01-04 06:07:57,62%,6:10,:|,,,1253
2017-01-04 23:26:43,2017-01-05 06:14:09,58%,6:47,:|,,,2054
2017-01-05 19:29:10,2017-01-06 05:32:02,70%,10:02,:|,,,71
2017-01-06 23:21:33,2017-01-07 07:08:23,59%,7:46,:(,,,1187
2017-01-08 00:04:37,2017-01-08 09:12:53,91%,9:08,:|,,,83
2017-01-08 21:38:16,2017-01-09 05:05:18,73%,7:27,:|,,,852
2017-01-10 00:33:14,2017-01-10 06:14:39,36%,5:41,:|,,,2053
2017-01-10 22:02:47,2017-01-11 05:05:51,73%,7:03,:|,,,2871
2017-01-11 23:02:08,2017-01-12 06:14:08,68%,7:11,:|,,,1032
2017-01-12 21:54:53,2017-01-13 03:36:53,0%,0:00,,,,965
2017-01-15 00:04:04,2017-01-15 08:11:42,94%,8:07,:|,,,914
2017-01-15 21:37:18,2017-01-16 05:00:18,88%,7:22,:|,,,330
2017-01-16 23:04:09,2017-01-17 06:09:04,72%,7:04,:|,,,1604
2017-01-17 23:07:35,2017-01-18 05:05:13,66%,5:57,:|,,,1078
2017-01-18 23:34:28,2017-01-19 06:02:15,71%,6:27,:|,,,1592
2017-01-24 00:28:11,2017-01-24 06:15:15,58%,5:47,:|,,,5520
2017-01-25 00:02:10,2017-01-25 05:06:03,52%,5:03,:|,,,1523
2017-01-26 00:04:35,2017-01-26 06:14:36,62%,6:10,:|,,,1878
2017-01-26 23:11:03,2017-01-27 06:10:13,80%,6:59,:|,,,2039
2017-01-27 22:42:26,2017-01-28 08:14:28,97%,9:32,:|,,,312
2017-01-29 00:17:31,2017-01-29 08:12:43,89%,7:55,:|,,,1975
2017-01-29 22:19:15,2017-01-30 05:05:18,73%,6:46,:|,,,480
2017-01-30 23:03:17,2017-01-31 05:14:52,68%,6:11,:|,,,665
2017-01-31 22:58:45,2017-02-01 05:05:21,52%,6:06,:|,,,260
2017-02-01 23:45:50,2017-02-02 06:04:48,68%,6:18,:|,,,232
2017-02-02 22:59:57,2017-02-03 05:05:52,54%,6:05,:|,,,1149
2017-02-04 23:25:30,2017-02-05 07:15:44,53%,7:50,:|,,,696
2017-02-05 23:48:41,2017-02-06 06:15:48,51%,6:27,:|,,,1125
2017-02-06 23:38:18,2017-02-07 06:14:50,61%,6:36,:|,,,2582
2017-02-07 22:29:39,2017-02-08 06:14:04,80%,7:44,:|,,,2411
2017-02-08 22:32:09,2017-02-09 06:14:03,83%,7:41,:|,,,2149
2017-02-09 21:40:24,2017-02-10 06:15:37,70%,8:35,:|,,,2511
2017-02-12 23:31:47,2017-02-13 05:15:09,51%,5:43,:(,,,69
2017-02-13 23:01:26,2017-02-14 06:14:59,66%,7:13,:(,,,1240
2017-02-14 23:05:52,2017-02-15 06:15:04,67%,7:09,:|,,,1937
2017-02-15 22:42:25,2017-02-16 06:14:38,77%,7:32,:(,,,2198
2017-02-16 23:14:41,2017-02-17 06:15:22,66%,7:00,:|,,,1554
2017-02-17 22:43:46,2017-02-18 08:01:02,95%,9:17,:|,,,618
2017-02-18 23:04:57,2017-02-19 08:03:50,94%,8:58,:|,,,8749
2017-02-19 21:43:50,2017-02-20 06:15:34,72%,8:31,:|,,,12569
2017-02-20 21:04:56,2017-02-21 06:13:15,96%,9:08,:|,,,1847
2017-02-21 22:05:47,2017-02-22 06:15:14,89%,8:09,:|,,,3734
2017-02-22 22:15:32,2017-02-23 06:15:10,85%,7:59,:|,,,1562
2017-02-23 23:42:19,2017-02-24 06:14:01,61%,6:31,:|,,,1059
2017-02-24 22:18:53,2017-02-25 06:14:44,78%,7:55,:|,,,3656
2017-02-26 22:51:08,2017-02-27 06:14:53,79%,7:23,:|,,,795
2017-02-28 00:25:55,2017-02-28 06:15:12,51%,5:49,:|,,,3069
2017-02-28 23:15:40,2017-03-01 05:05:17,69%,5:49,:(,,,2406
2017-03-01 22:32:05,2017-03-02 06:14:48,61%,7:42,:|,,,1481
2017-03-02 22:54:58,2017-03-03 06:15:12,84%,7:20,:|,,,1920
2017-03-04 00:22:56,2017-03-04 08:14:25,82%,7:51,:|,,,1206
2017-03-05 22:25:54,2017-03-06 06:15:41,82%,7:49,:|,,,506
2017-03-07 00:14:14,2017-03-07 05:14:50,51%,5:00,:|,,,4902
2017-03-07 21:35:18,2017-03-08 06:11:16,90%,8:35,:|,,,2639
2017-03-08 22:57:50,2017-03-09 06:15:18,77%,7:17,:|,,,2976
2017-03-09 22:55:51,2017-03-10 05:05:29,62%,6:09,:|,,,1830
2017-03-11 01:19:42,2017-03-11 08:12:58,71%,6:53,:),,,299
2017-03-12 00:19:16,2017-03-12 09:08:20,92%,7:49,:|,,,2820
2017-03-12 22:26:02,2017-03-13 06:14:14,84%,7:48,:|,,,208
2017-03-13 23:25:09,2017-03-14 06:14:37,69%,6:49,:|,,,1595
2017-03-14 22:47:15,2017-03-15 05:05:29,67%,6:18,:|,,,1560
2017-03-15 22:10:11,2017-03-16 05:05:21,66%,6:55,:|,,,1099
2017-03-16 23:31:07,2017-03-17 06:15:08,64%,6:44,:|,,,2613
2017-03-18 00:41:43,2017-03-18 08:14:12,74%,7:32,:|,,,3352
2017-03-18 21:33:50,2017-03-19 08:11:34,95%,10:37,:),,,2438
2017-03-19 23:00:03,2017-03-20 05:14:45,68%,6:14,:|,,,395
2017-03-20 22:20:13,2017-03-21 05:05:25,76%,6:45,:|,,,1977
2017-03-21 23:09:46,2017-03-22 06:14:08,76%,7:04,:|,,,1301
2017-03-23 00:16:41,2017-03-23 06:15:36,68%,5:58,:|,,,2100
2017-03-24 01:05:27,2017-03-24 06:12:50,59%,5:07,:|,,,1091
2017-03-24 23:31:51,2017-03-25 08:14:45,96%,8:42,:|,,,582
2017-03-25 23:06:57,2017-03-26 08:15:29,100%,9:08,:|,,,4205
2017-03-26 23:17:22,2017-03-27 06:15:15,72%,6:57,:|,,,12996
2017-03-27 23:16:56,2017-03-28 05:05:37,66%,5:48,:|,,,2630
2017-03-28 22:53:27,2017-03-29 06:15:17,84%,7:21,:|,,,2209
2017-03-29 22:36:45,2017-03-30 05:05:31,74%,6:28,:|,,,2399
2017-03-30 23:53:32,2017-03-31 06:15:11,77%,6:21,:|,,,2965
2017-03-31 22:17:19,2017-04-01 07:14:25,100%,8:57,:(,,,4193
2017-04-01 23:46:59,2017-04-02 08:13:10,92%,8:26,:|,,,8402
2017-04-02 22:53:12,2017-04-03 06:15:21,79%,7:22,:|,,,13739
2017-04-04 00:33:57,2017-04-04 05:05:33,52%,4:31,:|,,,2102
2017-04-05 00:55:51,2017-04-05 06:12:45,52%,5:16,:|,,,1770
2017-04-05 22:18:44,2017-04-06 05:05:42,69%,6:46,:|,,,8661
2017-04-09 22:45:45,2017-04-10 06:15:04,79%,7:29,:|,,,8182
2017-04-10 23:58:08,2017-04-11 05:05:34,44%,5:07,:|,,,4688
2017-04-11 23:15:19,2017-04-12 06:15:31,82%,7:00,:|,,,2044
2017-04-12 23:14:09,2017-04-13 05:05:39,66%,5:51,:|,,,12681
2017-04-14 00:25:37,2017-04-14 06:15:19,65%,5:49,:(,,,6756
2017-04-14 23:10:22,2017-04-15 07:56:57,93%,8:46,:|,,,13597
2017-04-15 23:21:41,2017-04-16 07:59:25,91%,8:37,:),,,15103
2017-04-16 22:26:53,2017-04-17 06:13:46,87%,7:46,:|,,,810
2017-04-18 21:32:32,2017-04-19 06:15:21,98%,8:42,:|,,,14433
2017-04-19 22:47:56,2017-04-20 06:06:15,80%,7:18,:|,,,10139
2017-04-20 22:27:48,2017-04-21 06:15:03,84%,7:47,:|,,,2176
2017-04-21 22:30:01,2017-04-22 06:15:33,72%,7:45,:|,,,3324
2017-04-23 01:43:29,2017-04-23 06:15:27,56%,4:31,:(,,,13947
2017-04-23 22:27:01,2017-04-24 06:14:50,89%,7:47,:|,,,9716
2017-04-24 22:51:11,2017-04-25 06:15:32,72%,7:24,:|,,,2326
2017-04-25 22:32:51,2017-04-26 06:14:23,89%,7:41,:|,,,5202
2017-04-26 22:50:06,2017-04-27 06:14:44,76%,7:24,:|,,,2957
2017-04-27 23:43:56,2017-04-28 06:15:24,57%,6:31,:|,,,2181
2017-04-28 21:58:15,2017-04-29 06:15:05,77%,8:16,:|,,,14326
2017-04-29 23:27:52,2017-04-30 06:13:34,77%,6:45,:|,,,13614
2017-04-30 21:56:12,2017-05-01 06:44:59,100%,8:48,:|,,,9091
2017-05-01 22:03:06,2017-05-02 05:05:39,64%,7:02,:|,,,1270
2017-05-02 23:15:34,2017-05-03 06:15:27,68%,6:59,:|,,,4034
2017-05-03 22:46:33,2017-05-04 06:15:33,56%,7:28,:(,,,11593
2017-05-04 23:14:28,2017-05-05 06:14:22,62%,6:59,:|,,,1564
2017-05-05 23:13:57,2017-05-06 08:05:20,68%,8:51,:(,,,630
2017-05-06 21:42:48,2017-05-07 07:39:15,64%,9:56,:(,,,608
2017-05-07 22:47:26,2017-05-08 06:13:54,51%,7:26,:(,,,5217
2017-05-08 22:48:26,2017-05-09 06:15:34,47%,7:27,:|,,,5238
2017-05-09 22:03:10,2017-05-10 06:14:21,47%,8:11,:(,,,4802
2017-05-10 22:59:43,2017-05-11 05:05:36,38%,6:05,:|,,,1503
2017-05-15 04:40:39,2017-05-15 09:46:38,56%,5:05,:|,,,4268
2017-05-15 23:41:07,2017-05-16 06:11:43,52%,6:30,:|,,,4140
2017-05-16 23:51:23,2017-05-17 06:14:58,60%,6:23,:(,,,10556
2017-05-17 22:39:05,2017-05-18 06:13:18,77%,7:34,:|,,,10811
2017-05-18 23:08:00,2017-05-19 06:14:43,61%,7:06,:|,,,5436
2017-05-19 23:09:55,2017-05-20 06:14:47,63%,7:04,:|,,,5096
2017-05-21 00:45:59,2017-05-21 07:12:05,61%,6:26,:|,,,12509
2017-05-21 22:34:12,2017-05-22 06:15:18,68%,7:41,:|,,,5816
2017-05-22 23:49:09,2017-05-23 06:15:51,62%,6:26,:|,,,4072
2017-05-23 22:53:22,2017-05-24 06:14:57,70%,7:21,:(,,,6575
2017-05-24 23:24:06,2017-05-25 05:05:34,38%,5:41,:(,,,14521
2017-05-25 22:16:48,2017-05-26 06:14:54,61%,7:58,:(,,,3732
2017-05-26 22:32:08,2017-05-27 05:00:44,50%,6:28,:(,,,14107
2017-05-27 22:15:07,2017-05-28 06:14:50,78%,7:59,:|,,,16752
2017-05-28 23:26:32,2017-05-29 06:15:17,57%,6:48,:|,,,13700
2017-05-29 21:14:08,2017-05-30 06:15:31,73%,9:01,:(,,,6112
2017-05-30 23:11:20,2017-05-31 06:15:25,74%,7:04,:|,,,1539
2017-05-31 23:02:24,2017-06-01 06:15:23,88%,7:12,:),,,3912
2017-06-01 22:09:33,2017-06-02 06:14:48,91%,8:05,:(,,,2586
2017-06-02 22:21:05,2017-06-03 08:10:13,97%,9:49,:(,,,1432
2017-06-03 21:59:40,2017-06-04 07:57:04,94%,9:57,:(,,,166
2017-06-04 21:42:54,2017-06-05 06:15:12,87%,8:32,:(,,,147
2017-06-05 23:10:56,2017-06-06 07:15:31,83%,8:04,:|,,,3962
2017-06-07 23:10:58,2017-06-08 08:12:56,83%,9:01,:|,,,6879
2017-06-08 23:47:03,2017-06-09 06:15:25,61%,6:28,:(,,,3945
2017-06-09 23:36:19,2017-06-10 06:45:35,70%,7:09,:|,,,4615
2017-06-10 23:01:14,2017-06-11 06:15:30,77%,7:14,:|,,,9970
2017-06-11 23:15:51,2017-06-12 07:14:42,75%,7:58,:(,,,3015
2017-06-12 21:34:07,2017-06-13 06:15:16,87%,8:41,:(,,,603
2017-06-13 22:40:44,2017-06-14 07:15:34,99%,8:34,:),,,10460
2017-06-14 23:29:25,2017-06-15 07:13:40,80%,7:44,:|,,,4867
2017-06-15 23:17:45,2017-06-16 06:45:28,62%,7:27,:(,,,3708
2017-06-16 21:23:33,2017-06-17 06:44:49,100%,9:21,:|,,,2483
2017-06-18 01:36:25,2017-06-18 06:45:44,49%,5:09,:|,,,180
2017-06-18 23:32:32,2017-06-19 07:14:28,70%,7:41,:|,,,357
2017-06-19 23:17:02,2017-06-20 07:15:35,81%,7:58,:|,,,1785
2017-06-21 00:06:10,2017-06-21 06:45:47,72%,6:39,:|,,,10806
2017-06-21 22:58:31,2017-06-22 07:30:32,96%,8:32,:|,,,2980
2017-06-22 22:36:16,2017-06-23 05:58:33,80%,7:22,:),,,3116
2017-06-24 00:09:46,2017-06-24 06:15:12,56%,6:05,:|,,,3081
2017-06-24 23:55:46,2017-06-25 07:27:33,81%,7:31,:|,,,10922
2017-06-25 22:53:51,2017-06-26 07:21:48,81%,8:27,:|,,,7881
2017-06-26 23:03:48,2017-06-27 07:50:34,96%,8:46,:|,,,3405
2017-06-27 23:12:52,2017-06-28 06:44:03,67%,7:31,:|,,,8351
2017-06-28 23:49:47,2017-06-29 07:59:49,70%,8:10,:|,,,7559
2017-06-30 00:45:30,2017-06-30 06:45:38,57%,6:00,:|,,,1187
2017-06-30 22:53:03,2017-07-01 07:01:23,95%,8:08,:|,,,9289
2017-07-02 00:05:34,2017-07-02 05:59:57,62%,5:54,:|,,,10254
2017-07-02 22:14:07,2017-07-03 07:05:41,100%,8:51,:),,,18278
2017-07-03 23:48:25,2017-07-04 07:55:04,90%,8:06,:|,,,8161
2017-07-04 23:23:53,2017-07-05 07:29:48,93%,8:05,:|,,,14860
2017-07-05 23:07:18,2017-07-06 06:59:57,90%,7:52,:|,,,2501
2017-07-06 22:53:48,2017-07-07 07:59:46,100%,9:05,:|,,,9614
2017-07-07 22:21:39,2017-07-08 06:15:31,86%,7:53,:|,,,1314
2017-07-08 22:42:52,2017-07-09 07:15:12,100%,8:32,:|,,,18068
2017-07-10 00:02:38,2017-07-10 07:15:04,74%,7:12,:|,,,15651
2017-07-11 00:08:35,2017-07-11 06:59:54,77%,6:51,:|,,,8776
2017-07-12 00:31:46,2017-07-12 08:00:36,91%,7:28,:|,,,7611
2017-07-12 23:40:55,2017-07-13 07:59:48,89%,8:18,:(,,,7725
2017-07-13 23:45:21,2017-07-14 07:59:37,85%,8:14,:|,,,4536
2017-07-14 22:48:03,2017-07-15 08:00:19,98%,9:12,:|,,,7020
2017-07-15 23:56:59,2017-07-16 07:58:26,67%,8:01,:|,,,6049
2017-07-17 00:01:09,2017-07-17 08:59:52,100%,8:58,:|,,,8191
2017-07-18 01:02:58,2017-07-18 08:58:57,83%,7:55,:|,,,8264
2017-07-19 00:14:49,2017-07-19 08:30:42,92%,8:15,:|,,,13236
2017-07-20 00:06:19,2017-07-20 08:26:45,100%,8:20,:(,,,2607
2017-07-21 01:57:59,2017-07-21 09:30:43,79%,7:32,:|,,,8090
2017-07-22 00:56:56,2017-07-22 09:29:40,100%,8:32,:|,,,1306
2017-07-23 01:21:43,2017-07-23 08:30:02,90%,7:08,:|,,,1208
2017-07-24 21:57:00,2017-07-25 08:29:52,99%,10:32,:|,,,16251
2017-07-25 23:32:47,2017-07-26 07:05:30,88%,7:32,:(,,,4883
2017-07-26 23:45:37,2017-07-27 08:27:27,89%,8:41,:|,,,1635
2017-07-28 00:29:09,2017-07-28 08:30:20,89%,8:01,:|,,,7680
2017-07-29 00:24:00,2017-07-29 07:00:50,78%,6:36,:|,,,9348
2017-07-30 00:59:13,2017-07-30 08:56:13,94%,7:56,:|,,,8778
2017-07-30 22:32:58,2017-07-31 03:58:59,61%,5:26,:|,,,3684
2017-07-31 20:30:32,2017-08-01 08:26:52,99%,11:56,:|,,,2534
2017-08-01 22:26:52,2017-08-02 08:04:04,73%,9:37,:|,,,4118
2017-08-02 23:51:55,2017-08-03 07:27:46,84%,7:35,:|,,,7146
2017-08-03 23:03:24,2017-08-04 08:28:36,74%,9:25,:|,,,4377
2017-08-04 23:28:17,2017-08-05 08:28:37,61%,9:00,:|,,,4771
2017-08-06 00:54:43,2017-08-06 08:14:04,42%,7:19,:|,,,7861
2017-08-06 23:43:07,2017-08-07 08:14:39,37%,8:31,:|,,,5058
2017-08-08 00:21:01,2017-08-08 08:30:33,41%,8:09,:|,,,7671
2017-08-09 00:05:51,2017-08-09 08:29:30,49%,8:23,:|,,,9778
2017-08-09 23:03:39,2017-08-10 08:29:43,95%,9:26,:|,,,4413
2017-08-11 00:21:26,2017-08-11 08:44:26,66%,8:23,:|,,,9718
2017-08-12 02:11:31,2017-08-12 08:42:38,62%,6:31,:|,,,10843
2017-08-13 01:49:36,2017-08-13 08:29:39,74%,6:40,:|,,,4297
2017-08-14 00:31:17,2017-08-14 08:27:20,79%,7:56,:|,,,4130
2017-08-15 00:17:56,2017-08-15 07:58:48,79%,7:40,:|,,,7844
2017-08-16 23:46:14,2017-08-17 07:45:06,88%,7:58,:|,,,3006
2017-08-18 00:00:26,2017-08-18 07:44:32,95%,7:44,:|,,,2201
2017-08-18 22:56:38,2017-08-19 07:28:11,0%,0:00,,,,6500
2017-08-19 22:24:23,2017-08-20 06:32:23,85%,8:07,:|,,,6310
2017-08-21 00:14:07,2017-08-21 08:15:25,80%,8:01,:|,,,2993
2017-08-21 23:11:51,2017-08-22 07:28:10,95%,8:16,:|,,,3337
2017-08-22 22:44:17,2017-08-23 06:29:47,90%,7:45,:|,,,5569
2017-08-24 00:31:25,2017-08-24 07:22:00,79%,6:50,:|,,,3106
2017-08-25 00:04:52,2017-08-25 07:00:08,63%,6:55,:|,,,1456
2017-08-26 01:10:30,2017-08-26 07:57:39,69%,6:47,:|,,,3203
2017-08-27 02:36:11,2017-08-27 08:00:34,64%,5:24,:|,,,5311
2017-08-27 23:29:18,2017-08-28 06:44:30,65%,7:15,:|,,,697
2017-08-28 23:45:46,2017-08-29 07:45:15,95%,7:59,:|,,,3610
2017-08-30 00:29:26,2017-08-30 06:45:17,72%,6:15,:(,,,4486
2017-08-30 22:44:33,2017-08-31 07:44:00,96%,8:59,:|,,,3162
2017-08-31 22:24:51,2017-09-01 06:38:10,73%,8:13,:|,,,3799
2017-09-01 20:24:23,2017-09-02 08:05:15,86%,11:40,:|,,,2595
2017-09-03 00:39:29,2017-09-03 08:31:11,72%,7:51,:),,,616
2017-09-03 23:36:19,2017-09-04 06:15:45,65%,6:39,:|,,,745
2017-09-04 20:29:10,2017-09-05 06:57:41,93%,10:28,:|,,,6573
2017-09-05 23:38:48,2017-09-06 06:59:53,69%,7:21,:|,,,1512
2017-09-07 00:38:44,2017-09-07 06:58:30,74%,6:19,:|,,,3776
2017-09-07 22:22:22,2017-09-08 03:50:23,56%,5:28,,,,2559
2017-09-09 00:36:43,2017-09-09 07:59:04,76%,7:22,:|,,,6262
2017-09-10 17:57:41,2017-09-11 01:13:36,79%,7:15,:),,,7613
2017-09-11 19:16:10,2017-09-12 00:52:21,64%,5:36,:|,,,12995
2017-09-13 20:42:08,2017-09-14 01:15:37,31%,4:33,:|,,,11274
2017-09-14 18:20:04,2017-09-15 01:13:53,72%,6:53,:|,,,21622
2017-09-15 19:22:39,2017-09-16 02:15:25,81%,6:52,:|,,,6610
2017-09-16 19:10:04,2017-09-17 02:00:27,72%,6:50,:|,,,19519
2017-09-17 19:29:20,2017-09-18 02:15:21,75%,6:46,:|,,,5991
2017-09-18 18:55:27,2017-09-19 01:45:42,74%,6:50,:|,,,12576
2017-09-19 18:12:58,2017-09-19 23:29:50,61%,5:16,:|,,,13806
2017-09-20 19:24:34,2017-09-21 01:54:15,75%,6:29,:|,,,13270
2017-09-22 17:57:55,2017-09-23 01:45:00,68%,7:47,:|,,,13816
2017-09-24 00:47:42,2017-09-24 07:49:21,77%,7:01,:|,,,6603
2017-09-24 22:27:51,2017-09-25 07:25:39,100%,8:57,:),,,820
2017-09-25 21:17:43,2017-09-26 07:56:47,100%,10:39,:|,,,3158
2017-09-26 21:59:13,2017-09-27 07:59:32,100%,10:00,:|,,,5200
2017-09-27 22:06:20,2017-09-28 07:59:36,100%,9:53,:|,,,2050
2017-09-28 23:00:40,2017-09-29 07:19:11,89%,8:18,:|,,,914
2017-09-29 22:26:24,2017-09-30 07:59:21,89%,9:32,:),,,1048
2017-10-01 00:50:14,2017-10-01 07:59:50,77%,7:09,:|,,,2347
2017-10-01 22:21:12,2017-10-02 08:00:17,93%,9:39,:|,,,8666
2017-10-02 23:49:55,2017-10-03 07:45:25,81%,7:55,:|,,,4512
2017-10-03 23:57:59,2017-10-04 07:56:16,88%,7:58,:|,,,6550
2017-10-05 00:35:52,2017-10-05 08:00:34,87%,7:24,:|,,,4676
2017-10-05 20:29:12,2017-10-06 07:45:49,94%,11:16,:|,,,3357
2017-10-06 23:06:04,2017-10-07 07:15:57,92%,8:09,:(,,,2083
2017-10-07 23:08:00,2017-10-08 08:00:36,96%,8:52,:|,,,5793
2017-10-08 23:31:29,2017-10-09 08:00:32,100%,8:29,:|,,,4236
2017-10-10 00:02:33,2017-10-10 07:59:03,86%,7:56,:|,,,2885
2017-10-10 23:19:36,2017-10-11 07:59:06,100%,8:39,:|,,,8798
